{"mean":{"confidence_interval":{"confidence_level":0.95,"lower_bound":0.0485365242847507,"upper_bound":0.07786847752651714},"point_estimate":0.06444429995157397,"standard_error":0.007566030190675579},"median":{"confidence_interval":{"confidence_level":0.95,"lower_bound":0.052776531916375546,"upper_bound":0.08331359491988866},"point_estimate":0.0719749811145387,"standard_error":0.0074630163805598304}}