{"mean":{"confidence_interval":{"confidence_level":0.95,"lower_bound":-0.04854029884362167,"upper_bound":-0.00395562494860102},"point_estimate":-0.025466462385678512,"standard_error":0.011435843386920126},"median":{"confidence_interval":{"confidence_level":0.95,"lower_bound":-0.0570126242959722,"upper_bound":0.00169373251829108},"point_estimate":-0.021035097730463748,"standard_error":0.014427303347868944}}