{"mean":{"confidence_interval":{"confidence_level":0.95,"lower_bound":0.007790679289502527,"upper_bound":0.04239155715305307},"point_estimate":0.024392904207774624,"standard_error":0.008841890149804282},"median":{"confidence_interval":{"confidence_level":0.95,"lower_bound":-0.0015555897055833379,"upper_bound":0.05539672373727855},"point_estimate":0.01663631903811691,"standard_error":0.015949942292042028}}