{"mean":{"confidence_interval":{"confidence_level":0.95,"lower_bound":-0.010881458993207822,"upper_bound":0.026486846031584743},"point_estimate":0.008069966480482416,"standard_error":0.009177132512443},"median":{"confidence_interval":{"confidence_level":0.95,"lower_bound":-0.029404546145146315,"upper_bound":0.033202728390971936},"point_estimate":0.018137941688269432,"standard_error":0.01672292741121009}}