{"mean":{"confidence_interval":{"confidence_level":0.95,"lower_bound":15618.357291407176,"upper_bound":15681.352440732091},"point_estimate":15646.645472937907,"standard_error":16.296074245599232},"median":{"confidence_interval":{"confidence_level":0.95,"lower_bound":15613.31565466325,"upper_bound":15685.798907638993},"point_estimate":15631.885113756216,"standard_error":14.76574876188502},"median_abs_dev":{"confidence_interval":{"confidence_level":0.95,"lower_bound":4.2243544353238995,"upper_bound":72.32542410243674},"point_estimate":24.7499257380924,"standard_error":16.497033394905078},"slope":{"confidence_interval":{"confidence_level":0.95,"lower_bound":15609.479957707223,"upper_bound":15684.262923147558},"point_estimate":15639.992772121655,"standard_error":19.150197148437254},"std_dev":{"confidence_interval":{"confidence_level":0.95,"lower_bound":12.767383170319393,"upper_bound":69.5710007766681},"point_estimate":54.28729785456649,"standard_error":14.821839307217298}}