{"mean":{"confidence_interval":{"confidence_level":0.95,"lower_bound":-0.004170110594091111,"upper_bound":0.003949608995742692},"point_estimate":-0.00010214596673485676,"standard_error":0.0020678196643762084},"median":{"confidence_interval":{"confidence_level":0.95,"lower_bound":-0.004835932673318055,"upper_bound":0.006056850919870849},"point_estimate":0.0013814875490736345,"standard_error":0.0026669482341010026}}