{"mean":{"confidence_interval":{"confidence_level":0.95,"lower_bound":0.0029092050402111562,"upper_bound":0.0070514288904811534},"point_estimate":0.004750981099280738,"standard_error":0.0010327758441093316},"median":{"confidence_interval":{"confidence_level":0.95,"lower_bound":0.0022140918810973353,"upper_bound":0.00732069599353391},"point_estimate":0.004047886223008446,"standard_error":0.0010400108152416932}}