{"mean":{"confidence_interval":{"confidence_level":0.95,"lower_bound":-0.012757412525946353,"upper_bound":0.0004415336706268083},"point_estimate":-0.005031628772139696,"standard_error":0.003308741014195759},"median":{"confidence_interval":{"confidence_level":0.95,"lower_bound":-0.016640949670330807,"upper_bound":0.0016423209217986123},"point_estimate":-0.0015756497337036102,"standard_error":0.00422171889783535}}