{"mean":{"confidence_interval":{"confidence_level":0.95,"lower_bound":57269404.78075,"upper_bound":57366488.462895826},"point_estimate":57313343.37041666,"standard_error":24970.91527176676},"median":{"confidence_interval":{"confidence_level":0.95,"lower_bound":57249450.45,"upper_bound":57349026.21875},"point_estimate":57301815.25,"standard_error":27759.448961382634},"median_abs_dev":{"confidence_interval":{"confidence_level":0.95,"lower_bound":11198.077601194382,"upper_bound":118818.77419054693},"point_estimate":72907.18729063537,"standard_error":28357.345633487217},"slope":{"confidence_interval":{"confidence_level":0.95,"lower_bound":57260300.13630407,"upper_bound":57351576.6875},"point_estimate":57295294.766233765,"standard_error":23643.533256177558},"std_dev":{"confidence_interval":{"confidence_level":0.95,"lower_bound":34225.20183403006,"upper_bound":114746.99472861903},"point_estimate":83046.01383684805,"standard_error":22937.25871883866}}