{"mean":{"confidence_interval":{"confidence_level":0.95,"lower_bound":0.019112426633835795,"upper_bound":0.03020253262358441},"point_estimate":0.02477452795975399,"standard_error":0.002774214291425037},"median":{"confidence_interval":{"confidence_level":0.95,"lower_bound":0.01815763738739462,"upper_bound":0.03267587367627178},"point_estimate":0.029261756966242114,"standard_error":0.003476453473881321}}