{"mean":{"confidence_interval":{"confidence_level":0.95,"lower_bound":0.04259312561307047,"upper_bound":0.06056312647032654},"point_estimate":0.05213089639304358,"standard_error":0.0046408010730109184},"median":{"confidence_interval":{"confidence_level":0.95,"lower_bound":0.03573273115767717,"upper_bound":0.0634157110023641},"point_estimate":0.060268492068971335,"standard_error":0.007576038247989373}}