{"mean":{"confidence_interval":{"confidence_level":0.95,"lower_bound":-0.03899333236354008,"upper_bound":-0.014644373678757483},"point_estimate":-0.025777632570342712,"standard_error":0.006260160084460006},"median":{"confidence_interval":{"confidence_level":0.95,"lower_bound":-0.038593507837833996,"upper_bound":-0.010055291253708853},"point_estimate":-0.018127807654086725,"standard_error":0.006450159485471124}}