{"mean":{"confidence_interval":{"confidence_level":0.95,"lower_bound":-0.04057241837582335,"upper_bound":-0.018543221787797135},"point_estimate":-0.029348027855587322,"standard_error":0.005684300061368983},"median":{"confidence_interval":{"confidence_level":0.95,"lower_bound":-0.036393103360507495,"upper_bound":-0.016083953440284016},"point_estimate":-0.02689067292095204,"standard_error":0.00534884721151397}}