{"mean":{"confidence_interval":{"confidence_level":0.95,"lower_bound":-0.05613730217530563,"upper_bound":-0.013369983068096511},"point_estimate":-0.03383678778220389,"standard_error":0.010992842125306466},"median":{"confidence_interval":{"confidence_level":0.95,"lower_bound":-0.06233983832665557,"upper_bound":-0.008678679781552567},"point_estimate":-0.027277161196802013,"standard_error":0.01409119474139793}}