{"mean":{"confidence_interval":{"confidence_level":0.95,"lower_bound":-0.0050673056084344185,"upper_bound":0.0143112517172761},"point_estimate":0.005812987573451833,"standard_error":0.004978970261218452},"median":{"confidence_interval":{"confidence_level":0.95,"lower_bound":0.0017546423237084774,"upper_bound":0.01804749610968348},"point_estimate":0.011776883361428236,"standard_error":0.004153558489008538}}