{"mean":{"confidence_interval":{"confidence_level":0.95,"lower_bound":-0.023559205912808304,"upper_bound":-0.004064943623005478},"point_estimate":-0.013653699447422118,"standard_error":0.004994846612051093},"median":{"confidence_interval":{"confidence_level":0.95,"lower_bound":-0.03234767266671257,"upper_bound":0.0008022525483073473},"point_estimate":-0.0055677554587626465,"standard_error":0.009601109011914766}}