{"mean":{"confidence_interval":{"confidence_level":0.95,"lower_bound":0.014496133513889554,"upper_bound":0.041926765071132646},"point_estimate":0.027514664276970136,"standard_error":0.007022253563636947},"median":{"confidence_interval":{"confidence_level":0.95,"lower_bound":0.009720236018783801,"upper_bound":0.04538711286749875},"point_estimate":0.034864348564546344,"standard_error":0.00929123148136364}}