{"mean":{"confidence_interval":{"confidence_level":0.95,"lower_bound":-0.03395521877091094,"upper_bound":-0.013682813980026841},"point_estimate":-0.023585778939003155,"standard_error":0.005209120222953942},"median":{"confidence_interval":{"confidence_level":0.95,"lower_bound":-0.036527008541444306,"upper_bound":-0.005016002186022939},"point_estimate":-0.025901430709863504,"standard_error":0.008203237243282297}}