{"mean":{"confidence_interval":{"confidence_level":0.95,"lower_bound":-0.02012767187105452,"upper_bound":0.010006613292843568},"point_estimate":-0.005521844973399581,"standard_error":0.007698670096516016},"median":{"confidence_interval":{"confidence_level":0.95,"lower_bound":-0.029181183925228837,"upper_bound":0.01454445925604042},"point_estimate":-0.016801582102494272,"standard_error":0.012546389451010572}}