{"mean":{"confidence_interval":{"confidence_level":0.95,"lower_bound":-0.047990055962332696,"upper_bound":-0.011941617368847829},"point_estimate":-0.030361653427374402,"standard_error":0.009214641850490465},"median":{"confidence_interval":{"confidence_level":0.95,"lower_bound":-0.05733116425426088,"upper_bound":0.007759953209597326},"point_estimate":-0.037051453868205075,"standard_error":0.01827272192112989}}