{"mean":{"confidence_interval":{"confidence_level":0.95,"lower_bound":-0.051644116455704075,"upper_bound":0.01652416577710215},"point_estimate":-0.022927090718854126,"standard_error":0.01666861015077322},"median":{"confidence_interval":{"confidence_level":0.95,"lower_bound":-0.062402244079327596,"upper_bound":0.022617250297576774},"point_estimate":-0.0380012709214147,"standard_error":0.017368909178772426}}