{"mean":{"confidence_interval":{"confidence_level":0.95,"lower_bound":0.0070005285131764135,"upper_bound":0.0130364566176427},"point_estimate":0.01035229516937286,"standard_error":0.0015728908777695799},"median":{"confidence_interval":{"confidence_level":0.95,"lower_bound":0.008267054785840777,"upper_bound":0.014203232214652806},"point_estimate":0.011545923624641796,"standard_error":0.0013177580522452973}}