{"mean":{"confidence_interval":{"confidence_level":0.95,"lower_bound":-0.024677475985549344,"upper_bound":-0.0035666264199430923},"point_estimate":-0.013292925388818433,"standard_error":0.0054263010608127426},"median":{"confidence_interval":{"confidence_level":0.95,"lower_bound":-0.028654058781314662,"upper_bound":0.0006153763752738683},"point_estimate":-0.004171171631794923,"standard_error":0.008804888395410234}}