{"mean":{"confidence_interval":{"confidence_level":0.95,"lower_bound":0.02027088708687971,"upper_bound":0.024990097920180525},"point_estimate":0.022944213140999592,"standard_error":0.0012241069690046296},"median":{"confidence_interval":{"confidence_level":0.95,"lower_bound":0.022081006632657774,"upper_bound":0.025450316510419846},"point_estimate":0.023416113471771638,"standard_error":0.0009475116845731148}}