{"mean":{"confidence_interval":{"confidence_level":0.95,"lower_bound":0.004834008843075033,"upper_bound":0.0524364104542346},"point_estimate":0.028915091250560687,"standard_error":0.012132231013866525},"median":{"confidence_interval":{"confidence_level":0.95,"lower_bound":-0.0008357745515951143,"upper_bound":0.0625466730075348},"point_estimate":0.008404508238956776,"standard_error":0.018077234137156572}}