{"mean":{"confidence_interval":{"confidence_level":0.95,"lower_bound":0.005905435870950421,"upper_bound":0.011511821348119577},"point_estimate":0.008909785819823046,"standard_error":0.0014458990713101497},"median":{"confidence_interval":{"confidence_level":0.95,"lower_bound":0.005667935658318024,"upper_bound":0.012000853307331694},"point_estimate":0.010511955920533111,"standard_error":0.0015476099487356238}}