{"mean":{"confidence_interval":{"confidence_level":0.95,"lower_bound":0.016489997188520508,"upper_bound":0.040688475050845024},"point_estimate":0.02976902784903368,"standard_error":0.0062242108100142735},"median":{"confidence_interval":{"confidence_level":0.95,"lower_bound":0.00733565308866857,"upper_bound":0.0401949258935832},"point_estimate":0.03547822601877759,"standard_error":0.00884194240835474}}