{"mean":{"confidence_interval":{"confidence_level":0.95,"lower_bound":0.029245877448063874,"upper_bound":0.03269607923433916},"point_estimate":0.030918324015093646,"standard_error":0.000892827676768664},"median":{"confidence_interval":{"confidence_level":0.95,"lower_bound":0.028477198028547646,"upper_bound":0.03321536851955331},"point_estimate":0.03155118269165791,"standard_error":0.0011679761208747907}}