{"mean":{"confidence_interval":{"confidence_level":0.95,"lower_bound":-0.003967136710049979,"upper_bound":0.019019124514259925},"point_estimate":0.005811870861583079,"standard_error":0.005898355984212416},"median":{"confidence_interval":{"confidence_level":0.95,"lower_bound":-0.007346883280445082,"upper_bound":0.0024133855421628603},"point_estimate":-0.001335378361785322,"standard_error":0.003478135779280767}}