{"mean":{"confidence_interval":{"confidence_level":0.95,"lower_bound":-0.03732707217200258,"upper_bound":0.017891399199718133},"point_estimate":-0.0082290957758413,"standard_error":0.013989236571093598},"median":{"confidence_interval":{"confidence_level":0.95,"lower_bound":-0.05056818973186006,"upper_bound":0.030847304254688623},"point_estimate":0.009275273871414802,"standard_error":0.022485183766230005}}