{"mean":{"confidence_interval":{"confidence_level":0.95,"lower_bound":16902.121818578882,"upper_bound":17281.809636664548},"point_estimate":17102.19386846611,"standard_error":97.55770027643845},"median":{"confidence_interval":{"confidence_level":0.95,"lower_bound":16808.506308287724,"upper_bound":17341.751572809575},"point_estimate":17296.57633497008,"standard_error":165.5413020829896},"median_abs_dev":{"confidence_interval":{"confidence_level":0.95,"lower_bound":12.196221824289298,"upper_bound":536.6853339090902},"point_estimate":125.76535740969042,"standard_error":158.97024281422506},"slope":{"confidence_interval":{"confidence_level":0.95,"lower_bound":16722.569518699736,"upper_bound":17325.122065026513},"point_estimate":16971.795868946152,"standard_error":160.70629396322883},"std_dev":{"confidence_interval":{"confidence_level":0.95,"lower_bound":161.8101411723195,"upper_bound":387.6248835337311},"point_estimate":325.0899907666171,"standard_error":57.28880058001382}}