{"mean":{"confidence_interval":{"confidence_level":0.95,"lower_bound":-0.016093463775588217,"upper_bound":-0.00018191154394436637},"point_estimate":-0.00849790578397247,"standard_error":0.004081733625922761},"median":{"confidence_interval":{"confidence_level":0.95,"lower_bound":-0.019978787246073382,"upper_bound":0.007081473285428297},"point_estimate":-0.014349268837245743,"standard_error":0.007512146871289842}}