{"mean":{"confidence_interval":{"confidence_level":0.95,"lower_bound":0.07690476078430054,"upper_bound":0.10543324715788074},"point_estimate":0.0917060030972845,"standard_error":0.007329672008721943},"median":{"confidence_interval":{"confidence_level":0.95,"lower_bound":0.07479509573196852,"upper_bound":0.11127291471266676},"point_estimate":0.0989050911860132,"standard_error":0.009048462310335622}}