{"mean":{"confidence_interval":{"confidence_level":0.95,"lower_bound":0.021185986861480068,"upper_bound":0.0458980062514281},"point_estimate":0.03407908768930401,"standard_error":0.006465545362211553},"median":{"confidence_interval":{"confidence_level":0.95,"lower_bound":0.012405589968386144,"upper_bound":0.05637639168374187},"point_estimate":0.04340020187695215,"standard_error":0.011535581823453265}}