{"mean":{"confidence_interval":{"confidence_level":0.95,"lower_bound":0.018941639804941533,"upper_bound":0.0434200331654515},"point_estimate":0.03272883119071568,"standard_error":0.006289495939375394},"median":{"confidence_interval":{"confidence_level":0.95,"lower_bound":0.02514247139056125,"upper_bound":0.046548079949194854},"point_estimate":0.04443962296348425,"standard_error":0.004129940627370488}}