{"mean":{"confidence_interval":{"confidence_level":0.95,"lower_bound":-0.0057588713055234326,"upper_bound":0.007449087100297707},"point_estimate":0.0009496343489214798,"standard_error":0.0033946057721446583},"median":{"confidence_interval":{"confidence_level":0.95,"lower_bound":-0.013071820601935458,"upper_bound":0.01108556540707184},"point_estimate":0.007768409589182346,"standard_error":0.007839268876071285}}