{"mean":{"confidence_interval":{"confidence_level":0.95,"lower_bound":-0.02399368124438862,"upper_bound":-0.0022925979335502995},"point_estimate":-0.013688064455030458,"standard_error":0.005562561823251965},"median":{"confidence_interval":{"confidence_level":0.95,"lower_bound":-0.030720915633067558,"upper_bound":0.0013292059722354033},"point_estimate":-0.022510939285696252,"standard_error":0.008453225247969426}}