{"mean":{"confidence_interval":{"confidence_level":0.95,"lower_bound":0.006862268156507679,"upper_bound":0.05771127011367187},"point_estimate":0.03291877238334906,"standard_error":0.013310558052680976},"median":{"confidence_interval":{"confidence_level":0.95,"lower_bound":0.0038279743684537237,"upper_bound":0.0699065475100833},"point_estimate":0.04192614645916248,"standard_error":0.014844629747382085}}