{"mean":{"confidence_interval":{"confidence_level":0.95,"lower_bound":-0.023962741387040968,"upper_bound":-0.013166332672560939},"point_estimate":-0.018590661172421807,"standard_error":0.002766795791940104},"median":{"confidence_interval":{"confidence_level":0.95,"lower_bound":-0.02893152475106453,"upper_bound":-0.008626749093350261},"point_estimate":-0.016334990564531915,"standard_error":0.005107186531701045}}