{"mean":{"confidence_interval":{"confidence_level":0.95,"lower_bound":381801.4089184397,"upper_bound":387210.7045075565},"point_estimate":384688.7702991669,"standard_error":1391.697347652427},"median":{"confidence_interval":{"confidence_level":0.95,"lower_bound":381042.7763987392,"upper_bound":387324.2665484634},"point_estimate":385792.89861955424,"standard_error":1193.5506089890562},"median_abs_dev":{"confidence_interval":{"confidence_level":0.95,"lower_bound":340.13117241895947,"upper_bound":7489.224959592892},"point_estimate":1435.860802965874,"standard_error":1968.4647873392387},"slope":{"confidence_interval":{"confidence_level":0.95,"lower_bound":378369.9109073498,"upper_bound":385946.37112362677},"point_estimate":381470.7968960118,"standard_error":2021.6445265477316},"std_dev":{"confidence_interval":{"confidence_level":0.95,"lower_bound":1433.8917404078459,"upper_bound":6007.6871646662385},"point_estimate":4637.969517728184,"standard_error":1111.0811627338273}}