{"mean":{"confidence_interval":{"confidence_level":0.95,"lower_bound":-0.03548838172429327,"upper_bound":0.0497548674746598},"point_estimate":0.00589505019870451,"standard_error":0.021762529248909434},"median":{"confidence_interval":{"confidence_level":0.95,"lower_bound":-0.0543940037037145,"upper_bound":0.06897627004525808},"point_estimate":-0.01135926194960779,"standard_error":0.03639166397974146}}