{"mean":{"confidence_interval":{"confidence_level":0.95,"lower_bound":-0.03339032333779124,"upper_bound":0.012400201650718088},"point_estimate":-0.009586582469354066,"standard_error":0.011729818812845046},"median":{"confidence_interval":{"confidence_level":0.95,"lower_bound":-0.03740528146132149,"upper_bound":0.024918671414295046},"point_estimate":0.00784633157597292,"standard_error":0.014739760736982582}}