{"mean":{"confidence_interval":{"confidence_level":0.95,"lower_bound":0.03145319399190622,"upper_bound":0.03612610208388256},"point_estimate":0.03385983340956433,"standard_error":0.0011985121027369603},"median":{"confidence_interval":{"confidence_level":0.95,"lower_bound":0.03174331520004503,"upper_bound":0.03742956723802582},"point_estimate":0.03526462570225197,"standard_error":0.001406173944969384}}