{"mean":{"confidence_interval":{"confidence_level":0.95,"lower_bound":-0.03016308907832838,"upper_bound":0.034878513005750504},"point_estimate":0.0009866716732789271,"standard_error":0.016632555014844237},"median":{"confidence_interval":{"confidence_level":0.95,"lower_bound":-0.043670941579313505,"upper_bound":0.048472784627001664},"point_estimate":0.003394719450579897,"standard_error":0.02578393741297954}}